{
  "metrics": {
    "n_trades": 10,
    "n_wins": 5,
    "n_losses": 5,
    "win_rate": 0.5,
    "gross_profit": 604.2099999999555,
    "gross_loss": 532.0000000000288,
    "profit_factor": 1.1357330827066219,
    "expectancy": 7.220999999992675,
    "expectancy_pips": 0.3649999999988374,
    "avg_win": 120.84199999999109,
    "avg_loss": -106.40000000000575,
    "max_drawdown": 321.8100000000195,
    "max_drawdown_pct": 0.03218100000000195,
    "final_balance": 10072.209999999926,
    "total_return_pct": 0.007220999999992637,
    "sharpe": 0.9449655624892341,
    "largest_trade_share": 0.2364740735836665
  },
  "checks": {
    "profit_factor>=1.3": false,
    "max_dd<=20%": true,
    "n_trades>=100": false,
    "oos_year_2026_profitable": true,
    "trending_regime_profitable": true,
    "ranging_regime_profitable": false
  }
}